month_year,product_category_name,unit_price,comp_1,comp_2,comp_3,price_diff_vs_comp1,price_diff_vs_comp2,price_diff_vs_comp3,qty,freight_price,profit,revenue,profit_margin
01-05-2017,bed_bath_table,45.95,89.9,215,45.95,-43.95,-169.05,0,1,15.1,30.85,45.95,67.13819369
01-06-2017,bed_bath_table,45.95,89.9,209,45.95,-43.95,-163.05,0,3,12.93333333,99.05000001,137.85,71.85346392
01-07-2017,bed_bath_table,45.95,89.9,205,45.95,-43.95,-159.05,0,6,14.84,186.66,275.7,67.70402612
01-08-2017,bed_bath_table,45.95,89.9,199.5098039,45.95,-43.95,-153.5598039,0,4,14.2875,126.65,183.8,68.90642002
01-09-2017,bed_bath_table,45.95,89.9,163.3987097,45.95,-43.95,-117.4487097,0,2,15.1,61.7,91.9,67.13819369
01-10-2017,bed_bath_table,45.95,89.9,45.95,45.95,-43.95,0,0,3,15.1,92.55,137.85,67.13819369
01-11-2017,bed_bath_table,40.53181818,89.9,40.53181818,40.53181818,-49.36818182,0,0,11,15.83272727,271.69,445.85,60.93753505
01-12-2017,bed_bath_table,39.99,88.48823529,39.99,39.99,-48.49823529,0,0,6,15.23,148.56,239.94,61.91547887
01-01-2018,bed_bath_table,39.99,86.9,39.99,39.99,-46.91,0,0,19,16.53368421,445.67,759.81,58.65545334
01-02-2018,bed_bath_table,39.99,86.9,39.99,39.99,-46.91,0,0,18,13.74944444,472.3300001,719.82,65.61779335
01-03-2018,bed_bath_table,39.99,86.9,39.99,39.99,-46.91,0,0,17,16.46235294,399.97,679.83,58.83382611
01-04-2018,bed_bath_table,39.99,85.045,39.99,39.99,-45.055,0,0,13,14.23615385,334.8,519.87,64.40071555
01-05-2018,bed_bath_table,39.99,83.64961538,39.99,39.99,-43.65961538,0,0,19,10.25631579,564.94,759.81,74.35279872
01-06-2018,bed_bath_table,39.99,79.9,39.99,39.99,-39.91,0,0,5,13.998,129.96,199.95,64.99624906
01-07-2018,bed_bath_table,39.99,77.93333333,39.99,39.99,-37.94333333,0,0,8,20.4175,156.58,319.92,48.94348587
01-08-2018,bed_bath_table,39.24,74,39.24,39.24,-34.76,0,0,8,16.33375,183.25,313.92,58.37474516
01-03-2017,garden_tools,69.9,69.9,69.9,69.9,0,0,0,6,32.68,223.32,419.4,53.24749642
01-04-2017,garden_tools,82.63333333,82.63333333,82.63333333,82.63333333,0,0,0,3,34.21666667,145.25,247.9,58.59217426
01-05-2017,garden_tools,97.58823529,59.9,59.9,97.58823529,37.68823529,37.68823529,0,20,39.8975,1153.814706,1951.764706,59.11648583
01-06-2017,garden_tools,89,59.9,59.9,89,29.1,29.1,0,8,40.80125,385.59,712,54.15589888
01-07-2017,garden_tools,89,59.9,59.9,59.9,29.1,29.1,29.1,10,39.156,498.44,890,56.00449438
01-08-2017,garden_tools,97.33333333,59.9,59.9,59.9,37.43333333,37.43333333,37.43333333,7,39.5,404.8333333,681.3333333,59.41780822
01-09-2017,garden_tools,99,59.9,59.9,59.9,39.1,39.1,39.1,9,39.01888889,539.83,891,60.58698092
01-10-2017,garden_tools,99,59.9,59.9,59.9,39.1,39.1,39.1,14,45.77642857,745.13,1386,53.76118326
01-11-2017,garden_tools,99,52.40694444,53.64828125,53.78571429,46.59305556,45.35171875,45.21428571,17,32.86352941,1124.32,1683,66.80451575
01-12-2017,garden_tools,99,55.1,55.425,55.75,43.9,43.575,43.25,11,38.05545455,670.39,1089,61.56014692
01-01-2018,garden_tools,99.5,49.9,49.9,49.9,49.6,49.6,49.6,4,41.54,231.84,398,58.25125628
01-02-2018,garden_tools,101,50.54516129,50.9,50.35714286,50.45483871,50.1,50.64285714,2,43.555,114.89,202,56.87623762
01-03-2018,garden_tools,101,53.9,53.9,53.9,47.1,47.1,47.1,1,67.02,33.98,101,33.64356436
01-04-2018,garden_tools,101,53.9,53.9,53.9,47.1,47.1,47.1,1,79.76,21.24,101,21.02970297
01-07-2017,consoles_games,19.9,19.9,19.9,19.9,0,0,0,13,13.47307692,83.55000004,258.7,32.29609588
01-08-2017,consoles_games,19.9,19.9,19.9,19.9,0,0,0,24,16.16375,89.67,477.6,18.77512563
01-09-2017,consoles_games,19.9,19.9,19.9,19.9,0,0,0,9,16.13333333,33.90000003,179.1,18.92797322
01-10-2017,consoles_games,21.54285714,21.54285714,20.66666667,21.54285714,0,0.87619047,0,28,13.53428571,224.24,603.1999999,37.17506632
01-11-2017,consoles_games,24.5,24.5,24.5,24.5,0,0,0,28,13.64535714,303.9300001,686,44.30466473
01-12-2017,consoles_games,24.5,24.5,24.5,24.5,0,0,0,16,12.87375,186.02,392,47.45408163
01-02-2018,consoles_games,32.5,32.5,32.5,32.5,0,0,0,5,15.256,86.22,162.5,53.05846154
01-03-2018,consoles_games,32.5,32.5,32.74285714,32.5,0,-0.24285714,0,6,18.05666667,86.65999998,195,44.44102563
01-04-2018,consoles_games,35.05714286,35.05714286,34.2,35.05714286,0,0.85714286,0,7,12.98571429,154.5,245.4,62.9584352
01-05-2018,consoles_games,36.2,36.2,36.2,36.2,0,0,0,3,15.87,60.99,108.6,56.16022099
01-06-2018,consoles_games,36.2,36.2,36.2,36.2,0,0,0,2,18.35,35.7,72.4,49.30939227
01-07-2018,consoles_games,36.2,36.2,36.2,36.2,0,0,0,1,22.18,14.02,36.2,38.72928177
01-04-2017,garden_tools,59.9,59.9,59.9,59.9,0,0,0,1,17.16,42.74,59.9,71.35225376
01-05-2017,garden_tools,59.9,59.9,59.9,59.9,0,0,0,1,13.44,46.46,59.9,77.56260434
01-07-2017,garden_tools,59.9,59.9,59.9,59.9,0,0,0,4,17.67,168.92,239.6,70.50083472
01-08-2017,garden_tools,59.9,59.9,59.9,59.9,0,0,0,6,16.26,261.84,359.4,72.85475793
01-09-2017,garden_tools,59.9,59.9,59.9,59.9,0,0,0,5,16.782,215.59,299.5,71.98330551
01-10-2017,garden_tools,59.9,59.9,59.9,59.9,0,0,0,11,14.80727273,496.02,658.9,75.28001214
01-11-2017,garden_tools,51.32222222,52.40694444,53.64828125,53.78571429,-1.08472222,-2.32605903,-2.46349207,20,16.016,706.1244444,1026.444444,68.79324529
01-12-2017,garden_tools,56.97777778,55.1,55.425,55.75,1.87777778,1.55277778,1.22777778,10,18.103,388.7477778,569.7777778,68.22796412
01-01-2018,garden_tools,49.9,49.9,49.9,49.9,0,0,0,11,21.98272727,307.09,548.9,55.94643834
01-02-2018,garden_tools,51.4,50.54516129,50.9,50.35714286,0.85483871,0.5,1.04285714,8,14.08375,298.53,411.2,72.59970817
01-03-2018,garden_tools,53.9,53.9,53.9,53.9,0,0,0,3,21.35,97.65,161.7,60.38961039
01-04-2018,garden_tools,53.9,53.9,53.9,53.9,0,0,0,8,19.56375,274.69,431.2,63.70361781
01-05-2018,garden_tools,52.9,53.41515152,53.70952381,53.05789474,-0.51515152,-0.80952381,-0.15789474,9,16.46,327.96,476.1,68.88468809
01-06-2018,garden_tools,49.9,49.9,49.9,49.9,0,0,0,5,23.122,133.89,249.5,53.66332665
01-07-2018,garden_tools,49.9,49.91,49.9,49.9,-0.01,0,0,6,20.99,173.46,299.4,57.93587174
01-08-2018,garden_tools,49.9,49.91,49.9,49.9,-0.01,0,0,7,24.48142857,177.93,349.3,50.9390209
01-02-2017,health_beauty,19.99,19.99,19.99,64.99,0,0,-45,11,11.75090909,90.63000001,219.89,41.21606258
01-03-2017,health_beauty,19.99,19.99,89.99,64.99,0,-70,-45,9,13.81888889,55.53999999,179.91,30.87099105
01-04-2017,health_beauty,19.99,19.99,19.99,64.99,0,0,-45,13,18.03846154,25.36999998,259.87,9.762573587
01-05-2017,health_beauty,19.99,19.99,89.99,64.99,0,-70,-45,16,14.8475,82.28,319.84,25.72536268
01-06-2017,health_beauty,19.99,19.99,89.99,58.79952381,0,-70,-38.80952381,21,12.68333333,153.4400001,419.79,36.55160915
01-07-2017,health_beauty,19.99,19.99,89.99,59.25666667,0,-70,-39.26666667,29,11.13517241,256.7900001,579.71,44.29628609
01-08-2017,health_beauty,23.39740741,23.39740741,89.99,58.99,0,-66.59259259,-35.59259259,28,14.27678571,255.3774076,655.1274075,38.98133473
01-09-2017,health_beauty,23.99,23.99,89.99,58.99,0,-66,-35,24,16.12,188.88,575.76,32.80533556
01-10-2017,health_beauty,23.99,23.99,89.99,58.99,0,-66,-35,27,13.13666667,293.0399999,647.73,45.24107266
01-11-2017,health_beauty,23.99,23.99,89.99,58.99,0,-66,-35,28,12.37535714,325.2100001,671.72,48.41451797
01-12-2017,health_beauty,23.99,23.99,89.99,58.99,0,-66,-35,19,12.45684211,219.1299999,455.81,48.07485573
01-01-2018,health_beauty,23.99,23.99,89.99,58.99,0,-66,-35,19,11.28736842,241.35,455.81,52.94969396
01-02-2018,health_beauty,23.99,23.99,89.99,58.99,0,-66,-35,14,12.55,160.16,335.86,47.68653606
01-03-2018,health_beauty,23.99,23.99,83.74,58.99,0,-59.75,-35,8,14.19875,78.33,191.92,40.81388078
01-05-2018,health_beauty,23.99,23.99,79.99,58.99,0,-56,-35,7,7.988571429,112.01,167.93,66.70041088
01-06-2018,health_beauty,23.99,23.99,79.99,58.99,0,-56,-35,3,16.27,23.16,71.97,32.18007503
01-07-2018,health_beauty,23.99,23.99,79.99,58.99,0,-56,-35,3,18.81,15.54,71.97,21.59233014
01-08-2018,health_beauty,23.99,23.99,82.82142857,58.99,0,-58.83142857,-35,2,16.77,14.44,47.98,30.09587328
01-07-2017,cool_stuff,134.99,99.99,129.99,134.99,35,5,0,1,15.7,119.29,134.99,88.36950885
01-08-2017,cool_stuff,134.99,99.99,116.9275,134.99,35,18.0625,0,1,15.7,119.29,134.99,88.36950885
01-10-2017,cool_stuff,146.99,99.99,119.99,146.99,47,27,0,12,18.755,1538.82,1763.88,87.24062861
01-11-2017,cool_stuff,157.3603704,99.99,129.99,157.3603704,57.3703704,27.3703704,0,27,20.83703704,3686.130001,4248.730001,86.75839604
01-12-2017,cool_stuff,166.99,99.99,129.99,166.99,67,37,0,29,24.47137931,4133.04,4842.71,85.34560195
01-01-2018,cool_stuff,166.99,99.99,129.99,29.5,67,37,137.49,13,25.28615385,1842.15,2170.87,84.85768378
01-02-2018,cool_stuff,176.99,99.99,129.99,176.99,77,47,0,8,22.87625,1232.91,1415.92,87.07483474
01-03-2018,cool_stuff,173.8081818,99.99,129.99,35,73.8181818,43.8181818,138.8081818,11,23.95454545,1648.39,1911.89,86.21782634
01-04-2018,cool_stuff,169.99,89.86333333,129.99,35,80.12666667,40,134.99,6,24.87833333,870.67,1019.94,85.36482538
01-01-2018,health_beauty,110.99,23.99,89.99,58.99,87,21,52,1,44.63,66.36,110.99,59.7891702
01-02-2018,health_beauty,110.99,23.99,89.99,58.99,87,21,52,2,20.55,180.88,221.98,81.48481845
01-03-2018,health_beauty,110.99,23.99,83.74,58.99,87,27.25,52,9,38.19222222,655.18,998.91,65.58949255
01-04-2018,health_beauty,116.5284615,116.5284615,79.99,58.99,0,36.5384615,57.5384615,13,37.09153846,1032.68,1514.87,68.16954589
01-05-2018,health_beauty,119.99,23.99,79.99,58.99,96,40,61,23,31.5826087,2033.37,2759.77,73.678966
01-06-2018,health_beauty,122.99,23.99,79.99,58.99,99,43,64,43,35.51837209,3761.28,5288.57,71.12092683
01-07-2018,health_beauty,122.99,23.99,79.99,58.99,99,43,64,33,33.01,2969.34,4058.67,73.16041955
01-08-2018,health_beauty,122.99,23.99,82.82142857,58.99,99,40.16857143,64,32,36.941875,2753.54,3935.68,69.96351329
01-06-2017,perfumery,56.99,56.99,56.99,56.99,0,0,0,4,18.4525,154.15,227.96,67.62151255
01-07-2017,perfumery,56.99,56.99,56.99,56.99,0,0,0,7,11.75,316.68,398.93,79.38234778
01-08-2017,perfumery,56.99,56.99,142.5,56.99,0,-85.51,0,7,13.58857143,303.81,398.93,76.15621788
01-09-2017,perfumery,56.99,56.99,142.5,56.99,0,-85.51,0,17,13.74117647,735.23,968.83,75.88844276
01-10-2017,perfumery,56.99,56.99,142.5,56.99,0,-85.51,0,17,12.29294118,759.8499999,968.83,78.42965225
01-11-2017,perfumery,56.99,56.99,118.05,56.99,0,-61.06,0,20,12.714,885.52,1139.8,77.69082295
01-12-2017,perfumery,56.99,56.99,118,56.99,0,-61.01,0,24,13.82,1036.08,1367.76,75.7501316
01-01-2018,perfumery,56.99,56.99,117.9,56.99,0,-60.91,0,10,12.215,447.75,569.9,78.56641516
01-02-2018,perfumery,56.99,56.99,117.8888889,56.99,0,-60.8988889,0,4,14.5575,169.73,227.96,74.45604492
01-03-2018,perfumery,50.49,50.49,117.7,50.49,0,-67.21,0,14,15.19642857,494.11,706.86,69.90210226
01-04-2018,perfumery,49.99,49.99,117.975,49.99,0,-67.985,0,2,13.665,72.65,99.98,72.66453291
01-07-2018,perfumery,49.99,49.99,118.7,49.99,0,-68.71,0,8,12.5225,299.74,399.92,74.94999
01-08-2018,perfumery,49.99,49.99,116.9066667,49.99,0,-66.9166667,0,4,12.28,150.84,199.96,75.43508702
01-04-2017,cool_stuff,99.99,99.99,129.99,99.99,0,-30,0,2,21.17,157.64,199.98,78.82788279
01-05-2017,cool_stuff,99.99,99.99,129.99,99.99,0,-30,0,18,15.57722222,1519.43,1799.82,84.4212199
01-06-2017,cool_stuff,99.99,99.99,129.99,99.99,0,-30,0,11,20.49090909,874.49,1099.89,79.50704161
01-07-2017,cool_stuff,99.99,99.99,129.99,99.99,0,-30,0,14,19.91214286,1121.09,1399.86,80.08586573
01-08-2017,cool_stuff,99.99,99.99,116.9275,99.99,0,-16.9375,0,8,18.22875,654.09,799.92,81.76942694
01-09-2017,cool_stuff,99.99,99.99,99.99,29.5,0,0,70.49,6,17.78166667,493.25,599.94,82.21655499
01-10-2017,cool_stuff,99.99,99.99,119.99,99.99,0,-20,0,9,18.51888889,733.24,899.91,81.47925904
01-11-2017,cool_stuff,99.99,99.99,129.99,99.99,0,-30,0,2,17.45,165.08,199.98,82.54825483
01-12-2017,cool_stuff,99.99,99.99,129.99,99.99,0,-30,0,3,17.95,246.12,299.97,82.04820482
01-01-2018,cool_stuff,99.99,99.99,129.99,29.5,0,-30,70.49,6,15.90166667,504.53,599.94,84.096743
01-02-2018,cool_stuff,99.99,99.99,129.99,99.99,0,-30,0,9,19.08111111,728.18,899.91,80.91698059
01-03-2018,cool_stuff,97.952,99.99,129.99,35,-2.038,-32.038,62.952,5,17.592,401.8,489.76,82.04018295
01-04-2018,cool_stuff,84.6925,89.86333333,129.99,35,-5.17083333,-45.2975,49.6925,4,18.195,265.99,338.77,78.51639756
01-03-2017,health_beauty,89.99,19.99,89.99,64.99,70,0,25,6,13.02,461.82,539.94,85.53172575
01-05-2017,health_beauty,89.99,19.99,89.99,64.99,70,0,25,6,16.09833333,443.35,539.94,82.1109753
01-06-2017,health_beauty,89.99,19.99,89.99,58.79952381,70,0,31.19047619,9,14.16333333,682.44,809.91,84.26121421
01-07-2017,health_beauty,89.99,19.99,89.99,59.25666667,70,0,30.73333333,17,12.11882353,1323.81,1529.83,86.5331442
01-08-2017,health_beauty,89.99,23.39740741,89.99,58.99,66.59259259,0,31,18,13.41055556,1378.43,1619.82,85.0977269
01-09-2017,health_beauty,89.99,23.99,89.99,58.99,66,0,31,21,13.96428571,1596.54,1889.79,84.48240281
01-10-2017,health_beauty,89.99,23.99,89.99,58.99,66,0,31,24,16.56291667,1762.25,2159.76,81.59471422
01-11-2017,health_beauty,89.99,23.99,89.99,58.99,66,0,31,26,16.99038462,1897.99,2339.74,81.11969706
01-12-2017,health_beauty,89.99,23.99,89.99,58.99,66,0,31,19,15.89473684,1407.81,1709.81,82.33721876
01-01-2018,health_beauty,89.99,23.99,89.99,58.99,66,0,31,20,14.811,1503.58,1799.8,83.54150461
01-02-2018,health_beauty,89.99,23.99,89.99,58.99,66,0,31,17,16.30764706,1252.6,1529.83,81.87837864
01-03-2018,health_beauty,83.74,23.99,83.74,58.99,59.75,0,24.75,16,11.876875,1149.81,1339.84,85.81696322
01-04-2018,health_beauty,79.99,79.99,79.99,58.99,0,0,21,14,14.485,917.07,1119.86,81.89148644
01-05-2018,health_beauty,79.99,23.99,79.99,58.99,56,0,21,16,21.943125,928.75,1279.84,72.56766471
01-06-2018,health_beauty,79.99,23.99,79.99,58.99,56,0,21,13,13.36230769,866.16,1039.87,83.29502727
01-07-2018,health_beauty,79.99,23.99,79.99,58.99,56,0,21,10,16.745,632.45,799.9,79.06613327
01-08-2018,health_beauty,82.82142857,23.99,82.82142857,58.99,58.83142857,0,23.83142857,7,12.41857143,492.82,579.75,85.00560586
01-07-2017,garden_tools,59.9,59.9,59.9,59.9,0,0,0,13,15.39230769,578.6,778.7,74.30332606
01-08-2017,garden_tools,59.9,59.9,59.9,59.9,0,0,0,23,18.05043478,962.5400001,1377.7,69.86571823
01-09-2017,garden_tools,59.9,59.9,59.9,59.9,0,0,0,13,16.29461538,566.8700001,778.7,72.79696932
01-10-2017,garden_tools,59.9,59.9,59.9,59.9,0,0,0,36,16.81416667,1551.09,2156.4,71.92960489
01-11-2017,garden_tools,53.78571429,52.40694444,53.64828125,53.78571429,1.37876985,0.13743304,0,69,18.27550725,2450.204286,3711.214286,66.02163327
01-12-2017,garden_tools,55.75,55.1,55.425,55.75,0.65,0.325,0,44,17.26727273,1693.24,2453,69.02731349
01-01-2018,garden_tools,49.9,49.9,49.9,49.9,0,0,0,39,16.50512821,1302.4,1946.1,66.92359076
01-02-2018,garden_tools,50.35714286,50.54516129,50.9,50.35714286,-0.18801843,-0.54285714,0,48,18.281875,1539.612857,2417.142857,63.69556738
01-03-2018,garden_tools,53.9,53.9,53.9,53.9,0,0,0,26,19.02423077,906.77,1401.4,64.70458113
01-04-2018,garden_tools,53.9,53.9,53.9,53.9,0,0,0,28,19.07142857,975.2,1509.2,64.61701564
01-05-2018,garden_tools,53.05789474,53.41515152,53.70952381,53.05789474,-0.35725678,-0.65162907,0,25,12.98,1001.947369,1326.447369,75.53615713
01-06-2018,garden_tools,49.9,49.9,49.9,49.9,0,0,0,15,22.87866667,405.3199999,748.5,54.1509686
01-07-2018,garden_tools,49.9,49.91,49.9,49.9,-0.01,0,0,3,20.99,86.73,149.7,57.93587174
01-08-2018,garden_tools,49.9,49.91,49.9,49.9,-0.01,0,0,6,32.32,105.48,299.4,35.23046092
01-10-2017,computers_accessories,167,154.6958824,167,167,12.3041176,0,0,1,14.92,152.08,167,91.06586826
01-12-2017,computers_accessories,119.9,149.99,119.9,109.9,-30.09,0,10,2,13.44,212.92,239.8,88.79065888
01-01-2018,computers_accessories,93.09489362,156.5113514,150.3545455,97.6425,-63.41645778,-57.25965188,-4.54760638,57,12.23912281,4608.778936,5306.408936,86.85306752
01-02-2018,computers_accessories,77.155,149,149.9,78.7122807,-71.845,-72.745,-1.5572807,45,11.51311111,2953.885,3471.975,85.07794555
01-03-2018,computers_accessories,88,136.1428571,149.9,81.02391304,-48.1428571,-61.9,6.97608696,6,17.55333333,422.68,528,80.05303031
01-04-2018,computers_accessories,88,120.9230769,149.9,80.66666667,-32.9230769,-61.9,7.33333333,10,10.869,771.31,880,87.64886364
01-06-2018,computers_accessories,89.9,114.4911538,149.9,78.9,-24.5911538,-60,11,3,21.82666667,204.22,269.7,75.72117167
01-07-2018,computers_accessories,78.9,119.99,149.9,77.9,-41.09,-71,1,3,13.41333333,196.46,236.7,82.99957753
01-05-2017,garden_tools,59.9,59.9,59.9,59.9,0,0,0,3,26.24666667,100.96,179.7,56.18252643
01-06-2017,garden_tools,59.9,59.9,59.9,59.9,0,0,0,3,16.26,130.92,179.7,72.85475793
01-07-2017,garden_tools,59.9,59.9,59.9,59.9,0,0,0,19,16.11157895,831.98,1138.1,73.10253932
01-08-2017,garden_tools,59.9,59.9,59.9,59.9,0,0,0,27,17.68111111,1139.91,1617.3,70.48228529
01-09-2017,garden_tools,59.9,59.9,59.9,59.9,0,0,0,17,16.81176471,732.4999999,1018.3,71.93361484
01-10-2017,garden_tools,59.9,59.9,59.9,59.9,0,0,0,31,17.59548387,1311.44,1856.9,70.62523561
01-11-2017,garden_tools,53.64828125,52.40694444,53.64828125,53.78571429,1.24133681,0,-0.13743304,87,16.07586207,3268.800469,4667.400469,70.03471184
01-12-2017,garden_tools,55.425,55.1,55.425,55.75,0.325,0,-0.325,32,19.184375,1159.7,1773.6,65.38678394
01-01-2018,garden_tools,49.9,49.9,49.9,49.9,0,0,0,29,15.84103448,987.7100001,1447.1,68.25443992
01-02-2018,garden_tools,50.9,50.54516129,50.9,50.35714286,0.35483871,0,0.54285714,36,17.51944444,1201.7,1832.4,65.58065925
01-03-2018,garden_tools,53.9,53.9,53.9,53.9,0,0,0,35,21.85285714,1121.65,1886.5,59.45666579
01-04-2018,garden_tools,53.9,53.9,53.9,53.9,0,0,0,13,19.46846154,447.61,700.7,63.88040531
01-05-2018,garden_tools,53.70952381,53.41515152,53.70952381,53.05789474,0.29437229,0,0.65162907,29,13.51034483,1165.77619,1557.57619,74.84553228
01-06-2018,garden_tools,49.9,49.9,49.9,49.9,0,0,0,6,23.25166667,159.89,299.4,53.40347361
01-07-2018,garden_tools,49.9,49.91,49.9,49.9,-0.01,0,0,14,33.28142857,232.66,698.6,33.30375036
01-08-2018,garden_tools,49.9,49.91,49.9,49.9,-0.01,0,0,10,36.442,134.58,499,26.96993988
01-01-2018,computers_accessories,150.3545455,156.5113514,150.3545455,97.6425,-6.1568059,0,52.7120455,22,22.54772727,2811.750001,3307.800001,85.0036278
01-02-2018,computers_accessories,149.9,149,149.9,78.7122807,0.9,0,71.1877193,69,26.55289855,8510.95,10343.1,82.28625847
01-03-2018,computers_accessories,149.9,136.1428571,149.9,81.02391304,13.7571429,0,68.87608696,51,28.47588235,6192.63,7644.9,81.00341404
01-04-2018,computers_accessories,149.9,120.9230769,149.9,80.66666667,28.9769231,0,69.23333333,35,30.22742857,4188.54,5246.5,79.83493758
01-05-2018,computers_accessories,149.9,119,149.9,79.8,30.9,0,70.1,52,18.94307692,6809.76,7794.8,87.36285729
01-06-2018,computers_accessories,149.9,114.4911538,149.9,78.9,35.4088462,0,71,27,27.62666667,3301.38,4047.3,81.56993551
01-07-2018,computers_accessories,149.9,119.99,149.9,77.9,29.91,0,72,13,33.57153846,1512.27,1948.7,77.60404372
01-08-2018,computers_accessories,149.9,119.99,149.9,77.9,29.91,0,72,5,24.76,625.7,749.5,83.48232155
01-01-2018,health_beauty,61.99,23.99,89.99,58.99,38,-28,3,3,24.05,113.82,185.97,61.20341991
01-03-2018,health_beauty,61.99,23.99,83.74,58.99,38,-21.75,3,13,28.61461538,433.8800001,805.87,53.83994938
01-04-2018,health_beauty,64.99,64.99,79.99,58.99,0,-15,6,15,25.346,594.66,974.85,61.00015387
01-05-2018,health_beauty,64.99,23.99,79.99,58.99,41,-15,6,38,24.77447368,1528.19,2469.62,61.87956042
01-06-2018,health_beauty,66.99,23.99,79.99,58.99,43,-13,8,26,30.24153846,955.46,1741.74,54.85663762
01-07-2018,health_beauty,66.99,23.99,79.99,58.99,43,-13,8,27,25.90074074,1109.41,1808.73,61.33640731
01-08-2018,health_beauty,66.99,23.99,82.82142857,58.99,43,-15.83142857,8,28,23.52821429,1216.93,1875.72,64.87802017
01-05-2017,garden_tools,59.9,59.9,59.9,59.9,0,0,0,4,19.7325,160.67,239.6,67.05759599
01-06-2017,garden_tools,59.9,59.9,59.9,59.9,0,0,0,1,17.67,42.23,59.9,70.50083472
01-07-2017,garden_tools,59.9,59.9,59.9,59.9,0,0,0,14,16.62642857,605.83,838.6,72.24302409
01-08-2017,garden_tools,59.9,59.9,59.9,59.9,0,0,0,39,18.16230769,1627.77,2336.1,69.6789521
01-09-2017,garden_tools,59.9,59.9,59.9,59.9,0,0,0,37,17.18702703,1580.38,2216.3,71.30713351
01-10-2017,garden_tools,59.9,59.9,59.9,59.9,0,0,0,39,18.06589744,1631.53,2336.1,69.83990411
01-11-2017,garden_tools,52.40694444,52.40694444,53.64828125,53.78571429,0,-1.24133681,-1.37876985,91,17.06747253,3215.891944,4769.031944,67.43280359
01-12-2017,garden_tools,55.1,55.1,55.425,55.75,0,-0.325,-0.65,51,15.75960784,2006.36,2810.1,71.39817089
01-01-2018,garden_tools,49.9,49.9,49.9,49.9,0,0,0,12,19.495,364.86,598.8,60.93186373
01-02-2018,garden_tools,50.54516129,50.54516129,50.9,50.35714286,0,-0.35483871,0.18801843,39,16.61153846,1323.41129,1971.26129,67.13525482
01-03-2018,garden_tools,53.9,53.9,53.9,53.9,0,0,0,31,20.35967742,1039.75,1670.9,62.22694356
01-04-2018,garden_tools,53.9,53.9,53.9,53.9,0,0,0,46,5.28173913,2236.44,2479.4,90.20085505
01-05-2018,garden_tools,53.41515152,53.41515152,53.70952381,53.05789474,0,-0.29437229,0.35725678,56,10.75303571,2389.078485,2991.248485,79.86894092
01-06-2018,garden_tools,49.9,49.9,49.9,49.9,0,0,0,12,19.89083333,360.11,598.8,60.13861056
01-07-2018,garden_tools,49.91,49.91,49.9,49.9,0,0.01,0.01,6,28.37333333,129.22,299.46,43.15100515
01-08-2018,garden_tools,49.91,49.91,49.9,49.9,0,0.01,0.01,6,20.32833333,177.49,299.46,59.27001937
01-02-2018,health_beauty,47.35789474,23.99,89.99,58.99,23.36789474,-42.63210526,-11.63210526,21,10.20047619,780.3057896,994.5157895,78.46087491
01-03-2018,health_beauty,48.45944444,23.99,83.74,58.99,24.46944444,-35.28055556,-10.53055556,58,12.56344828,2081.967777,2810.647778,74.07430394
01-04-2018,health_beauty,53.70176471,53.70176471,79.99,58.99,0,-26.28823529,-5.28823529,18,13.16055556,729.7417647,966.6317648,75.4932531
01-05-2018,health_beauty,52.06928571,23.99,79.99,58.99,28.07928571,-27.92071429,-6.92071429,33,10.63121212,1367.456428,1718.286428,79.58256585
01-06-2018,health_beauty,49.98,23.99,79.99,58.99,25.99,-30.01,-9.01,9,12.91,333.63,449.82,74.16966787
01-07-2018,health_beauty,51.512,23.99,79.99,58.99,27.522,-28.478,-7.478,5,14.368,185.72,257.56,72.1074701
01-08-2018,health_beauty,50.71,23.99,82.82142857,58.99,26.72,-32.11142857,-8.28,11,9.312727273,455.37,557.81,81.63532386
01-06-2017,watches_gifts,157.99,163,157.99,185,-5.01,0,-27.01,5,13.91,720.4,789.95,91.19564529
01-07-2017,watches_gifts,171.792,161.5909091,171.792,197.383,10.2010909,0,-25.591,6,14.95,941.052,1030.752,91.29761572
01-08-2017,watches_gifts,169.9,160.6692308,169.9,179.9,9.2307692,0,-10,5,17.084,764.08,849.5,89.94467334
01-09-2017,watches_gifts,160.4,148.7785714,160.4,164.57,11.6214286,0,-4.17,10,17.856,1425.44,1604,88.86783042
01-10-2017,watches_gifts,149.475,134.9,149.475,232.49,14.575,0,-83.015,16,18.505625,2095.51,2391.6,87.61958521
01-11-2017,watches_gifts,140.56,133,108,174.4333333,7.56,32.56,-33.8733333,26,19.17230769,3156.08,3654.56,86.36005429
01-12-2017,watches_gifts,149,149,108,185.96,0,41,-36.96,6,17.00333333,791.98,894,88.58836689
01-01-2018,watches_gifts,148.5,148.5,108,199,0,40.5,-50.5,8,14.165,1074.68,1188,90.46127946
01-02-2018,watches_gifts,145.9942857,128.2416667,108,182,17.752619,37.9942857,-36.0057143,14,15.12928571,1832.11,2043.92,89.63706995
01-03-2018,watches_gifts,123.9666667,117.4412903,105.6428571,151.8784375,6.5253764,18.3238096,-27.9117708,9,26.27222222,879.2500003,1115.7,78.80702699
01-04-2018,watches_gifts,119.19,105.648625,105,150.1333333,13.541375,14.19,-30.9433333,10,21.229,979.61,1191.9,82.18894203
01-05-2018,watches_gifts,118.1318182,103.7925234,105,132.53125,14.3392948,13.1318182,-14.3994318,22,14.71227273,2275.23,2598.9,87.5458848
01-06-2018,watches_gifts,139.9,119,105,138.22,20.9,34.9,1.68,1,18.86,121.04,139.9,86.5189421
01-07-2018,watches_gifts,138.98,118.3636364,105,155,20.6163636,33.98,-16.02,5,23.162,579.09,694.9,83.3342927
01-08-2018,watches_gifts,138,112,105,145.5509091,26,33,-7.5509091,3,23.52666667,343.42,414,82.95169082
01-08-2017,health_beauty,84.99,23.39740741,89.99,58.99,61.59259259,-5,26,3,15.57,208.26,254.97,81.68019767
01-09-2017,health_beauty,84.99,23.99,89.99,58.99,61,-5,26,4,15.6,277.56,339.96,81.6448994
01-10-2017,health_beauty,84.99,23.99,89.99,58.99,61,-5,26,3,19.61,196.14,254.97,76.92669726
01-11-2017,health_beauty,84.99,23.99,89.99,58.99,61,-5,26,36,17.40833333,2432.94,3059.64,79.51719811
01-12-2017,health_beauty,84.99,23.99,89.99,58.99,61,-5,26,50,16.2446,3437.27,4249.5,80.88645723
01-01-2018,health_beauty,84.99,23.99,89.99,58.99,61,-5,26,13,15.99615385,896.9199999,1104.87,81.17878121
01-02-2018,health_beauty,84.99,23.99,89.99,58.99,61,-5,26,7,15.86714286,483.86,594.93,81.3305767
01-03-2018,health_beauty,84.99,23.99,83.74,58.99,61,1.25,26,4,16.375,274.46,339.96,80.73302741
01-06-2018,health_beauty,84.99,23.99,79.99,58.99,61,5,26,2,22.08,125.82,169.98,74.020473
01-02-2017,garden_tools,179.99,179.99,179.99,179.99,0,0,0,1,33.54,146.45,179.99,81.36563142
01-04-2017,garden_tools,179.99,179.99,179.99,179.99,0,0,0,3,36.64333333,430.04,539.97,79.64146156
01-09-2017,garden_tools,179.99,59.9,59.9,59.9,120.09,120.09,120.09,2,26.88,306.22,359.98,85.06583699
01-10-2017,garden_tools,179.99,59.9,59.9,59.9,120.09,120.09,120.09,6,36.75666667,859.4,1079.94,79.5784951
01-11-2017,garden_tools,179.99,52.40694444,53.64828125,53.78571429,127.5830556,126.3417188,126.2042857,13,43.14153846,1779.03,2339.87,76.03114703
01-12-2017,garden_tools,183.99,55.1,55.425,55.75,128.89,128.565,128.24,15,47.594,2045.94,2759.85,74.1322898
01-01-2018,garden_tools,187.8542857,49.9,49.9,49.9,137.9542857,137.9542857,137.9542857,14,38.53785714,2090.43,2629.96,79.48523932
01-02-2018,garden_tools,179,50.54516129,50.9,50.35714286,128.4548387,128.1,128.6428571,12,47.82583333,1574.09,2148,73.28165736
01-03-2018,garden_tools,175.1538462,53.9,53.9,53.9,121.2538462,121.2538462,121.2538462,13,57.29846154,1532.120001,2277.000001,67.28678086
01-04-2018,garden_tools,179,53.9,53.9,53.9,125.1,125.1,125.1,11,28.63272727,1654.04,1969,84.00406298
01-05-2018,garden_tools,179,53.41515152,53.70952381,53.05789474,125.5848485,125.2904762,125.9421053,3,24.37,463.89,537,86.38547486
01-06-2018,garden_tools,159,49.9,49.9,49.9,109.1,109.1,109.1,10,54.763,1042.37,1590,65.55786164
01-07-2018,garden_tools,139,49.91,49.9,49.9,89.09,89.1,89.1,8,48.62875,722.97,1112,65.01528777
01-08-2018,garden_tools,139,49.91,49.9,49.9,89.09,89.1,89.1,7,73.59,457.87,973,47.05755396
01-04-2017,garden_tools,59.9,59.9,59.9,59.9,0,0,0,3,18.39333333,124.52,179.7,69.29326656
01-05-2017,garden_tools,59.9,59.9,59.9,59.9,0,0,0,7,15.79428571,308.74,419.3,73.63224422
01-06-2017,garden_tools,59.9,59.9,59.9,59.9,0,0,0,4,16.6125,173.15,239.6,72.26627713
01-07-2017,garden_tools,59.9,59.9,59.9,59.9,0,0,0,19,16.03052632,833.5199999,1138.1,73.23785255
01-08-2017,garden_tools,59.9,59.9,59.9,59.9,0,0,0,21,18.83142857,862.44,1257.9,68.56188886
01-09-2017,garden_tools,59.9,59.9,59.9,59.9,0,0,0,23,18.64347826,948.9,1377.7,68.87566234
01-10-2017,garden_tools,59.9,59.9,59.9,59.9,0,0,0,19,17.73052632,801.2199999,1138.1,70.39978912
01-11-2017,garden_tools,53.37910448,52.40694444,53.64828125,53.78571429,0.97216004,-0.26917677,-0.40660981,82,17.80780488,2916.846567,4377.086567,66.63899656
01-12-2017,garden_tools,55.77096774,55.1,55.425,55.75,0.67096774,0.34596774,0.02096774,40,17.5175,1530.13871,2230.83871,68.59028862
01-01-2018,garden_tools,49.9,49.9,49.9,49.9,0,0,0,25,17.7532,803.67,1247.5,64.42244489
01-02-2018,garden_tools,51.025,50.54516129,50.9,50.35714286,0.47983871,0.125,0.66785714,44,16.28340909,1528.63,2245.1,68.08739032
01-03-2018,garden_tools,53.9,53.9,53.9,53.9,0,0,0,25,19.2648,865.88,1347.5,64.25825603
01-04-2018,garden_tools,53.9,53.9,53.9,53.9,0,0,0,20,20.563,666.74,1078,61.84972171
01-05-2018,garden_tools,52.56666667,53.41515152,53.70952381,53.05789474,-0.84848485,-1.14285714,-0.49122807,17,14.38823529,649.0333335,893.6333334,72.62859488
01-06-2018,garden_tools,49.9,49.9,49.9,49.9,0,0,0,8,29.78625,160.91,399.2,40.30811623
01-07-2018,garden_tools,49.9,49.91,49.9,49.9,-0.01,0,0,9,27.77,199.17,449.1,44.34869739
01-08-2018,garden_tools,49.9,49.91,49.9,49.9,-0.01,0,0,7,33.74,113.12,349.3,32.38476954
01-06-2017,watches_gifts,163,163,163,185,0,0,-22,4,14.265,594.94,652,91.24846626
01-07-2017,watches_gifts,161.5909091,161.5909091,161.5909091,197.383,0,0,-35.7920909,11,15.52545455,1606.72,1777.5,90.39212377
01-08-2017,watches_gifts,160.6692308,160.6692308,160.6692308,179.9,0,0,-19.2307692,13,15.18538462,1891.29,2088.7,90.54866663
01-09-2017,watches_gifts,148.7785714,148.7785714,148.7785714,164.57,0,0,-15.7914286,18,14.04111111,2425.274285,2678.014285,90.56241031
01-10-2017,watches_gifts,134.9,134.9,134.9,232.49,0,0,-97.59,1,6.81,128.09,134.9,94.95181616
01-11-2017,watches_gifts,133,133,108,174.4333333,0,25,-41.4333333,15,19.91666667,1696.25,1995,85.02506265
01-12-2017,watches_gifts,149,149,108,185.96,0,41,-36.96,4,19.1,519.6,596,87.18120805
01-02-2018,watches_gifts,128.2416667,128.2416667,108,182,0,20.2416667,-53.7583333,6,15.92666667,673.8900002,769.4500002,87.58073949
01-03-2018,watches_gifts,117.4412903,117.4412903,105.6428571,151.8784375,0,11.7984332,-34.4371472,31,18.26129032,3074.579999,3640.679999,84.45070701
01-04-2018,watches_gifts,105.648625,105.648625,105,150.1333333,0,0.648625,-44.4847083,85,2.181647059,8794.693125,8980.133125,97.93499721
01-05-2018,watches_gifts,103.7925234,103.7925234,105,132.53125,0,-1.2074766,-28.7387266,114,0.095438596,11821.46767,11832.34767,99.90804868
01-06-2018,watches_gifts,119,119,105,138.22,0,14,-19.22,9,19.20666667,898.14,1071,83.85994397
01-07-2018,watches_gifts,118.3636364,118.3636364,105,155,0,13.3636364,-36.6363636,11,15.48,1131.72,1302,86.92165899
01-08-2018,watches_gifts,112,112,105,145.5509091,0,7,-33.5509091,1,13.44,98.56,112,88
01-09-2017,cool_stuff,29.5,99.99,29.5,29.5,-70.49,0,0,1,11.73,17.77,29.5,60.23728814
01-01-2018,cool_stuff,29.5,99.99,129.99,29.5,-70.49,-100.49,0,76,16.53263158,985.5199999,2242,43.95718108
01-03-2018,cool_stuff,35,99.99,129.99,35,-64.99,-94.99,0,26,16.25615385,487.3399999,910,53.55384614
01-04-2018,cool_stuff,35,89.86333333,129.99,35,-54.86333333,-94.99,0,4,14.845,80.62,140,57.58571429
01-05-2018,cool_stuff,35,35,35,35,0,0,0,4,13.6375,85.45,140,61.03571429
01-06-2018,cool_stuff,65,65,65,65,0,0,0,2,15.01,99.98,130,76.90769231
01-08-2018,cool_stuff,65,65,65,65,0,0,0,1,57.23,7.77,65,11.95384615
01-08-2017,perfumery,142.5,56.99,142.5,142.5,85.51,0,0,1,15.75,126.75,142.5,88.94736842
01-09-2017,perfumery,142.5,56.99,142.5,142.5,85.51,0,0,1,9.19,133.31,142.5,93.55087719
01-10-2017,perfumery,142.5,56.99,142.5,142.5,85.51,0,0,2,17.15,250.7,285,87.96491228
01-11-2017,perfumery,118.05,56.99,118.05,118.05,61.06,0,0,8,14.29375,830.05,944.4,87.89178314
01-12-2017,perfumery,118,56.99,118,118,61.01,0,0,12,11.02666667,1283.68,1416,90.65536723
01-01-2018,perfumery,117.9,56.99,117.9,117.9,60.91,0,0,6,14.03833333,623.17,707.4,88.09301668
01-02-2018,perfumery,117.8888889,56.99,117.8888889,117.8888889,60.8988889,0,0,11,13.88090909,1144.087778,1296.777778,88.22543056
01-03-2018,perfumery,117.7,50.49,117.7,117.7,67.21,0,0,4,15.175,410.1,470.8,87.10705183
01-04-2018,perfumery,117.975,49.99,117.975,117.975,67.985,0,0,8,21.65,770.6,943.8,81.64865438
01-05-2018,perfumery,119.9,119.9,119.9,119.9,0,0,0,17,15.85235294,1768.81,2038.3,86.77868812
01-06-2018,perfumery,119.1785714,119.1785714,119.1785714,119.1785714,0,0,0,14,14.17285714,1470.08,1668.5,88.10788133
01-07-2018,perfumery,118.7,49.99,118.7,118.7,68.71,0,0,5,15.978,513.61,593.5,86.53917439
01-08-2018,perfumery,116.9066667,49.99,116.9066667,116.9066667,66.9166667,0,0,17,17.79058824,1684.973334,1987.413334,84.7822295
01-03-2017,cool_stuff,129.99,99.99,129.99,129.99,30,0,0,8,18.77875,889.69,1039.92,85.55369644
01-04-2017,cool_stuff,129.99,99.99,129.99,129.99,30,0,0,14,17.39642857,1576.31,1819.86,86.61710242
01-05-2017,cool_stuff,129.99,99.99,129.99,129.99,30,0,0,18,18.27277778,2010.91,2339.82,85.94293578
01-06-2017,cool_stuff,129.99,99.99,129.99,129.99,30,0,0,17,17.06117647,1919.79,2209.83,86.87500849
01-07-2017,cool_stuff,129.99,99.99,129.99,129.99,30,0,0,16,18.715625,1780.39,2079.84,85.60225787
01-08-2017,cool_stuff,116.9275,99.99,116.9275,116.9275,16.9375,0,0,16,19.02125,1566.5,1870.84,83.73244104
01-10-2017,cool_stuff,119.99,99.99,119.99,119.99,20,0,0,10,19.997,999.93,1199.9,83.33444454
01-11-2017,cool_stuff,129.99,99.99,129.99,129.99,30,0,0,9,22.67444444,965.84,1169.91,82.55677788
01-12-2017,cool_stuff,129.99,99.99,129.99,129.99,30,0,0,3,25.59,313.2,389.97,80.3138703
01-01-2018,cool_stuff,129.99,99.99,129.99,29.5,30,0,100.49,4,17.41,450.32,519.96,86.60666205
01-02-2018,cool_stuff,129.99,99.99,129.99,129.99,30,0,0,2,16.71,226.56,259.98,87.14516501
01-03-2018,cool_stuff,129.99,99.99,129.99,35,30,0,94.99,1,18.49,111.5,129.99,85.77582891
01-04-2018,cool_stuff,129.99,89.86333333,129.99,35,40.12666667,0,94.99,1,23.49,106.5,129.99,81.92937918
01-05-2017,computers_accessories,94.9,94.9,94.9,94.9,0,0,0,4,15.84,316.24,379.6,83.30874605
01-06-2017,computers_accessories,100.9,159.99,100.9,100.9,-59.09,0,0,6,17.785,498.69,605.4,82.37363726
01-07-2017,computers_accessories,109.9,139.99,109.9,109.9,-30.09,0,0,10,12.015,978.85,1099,89.06733394
01-08-2017,computers_accessories,109.9,145.7042857,109.9,109.9,-35.8042857,0,0,2,10.39,199.02,219.8,90.54595086
01-09-2017,computers_accessories,98.9,151.99,98.9,98.9,-53.09,0,0,4,14.975,335.7,395.6,84.85844287
01-10-2017,computers_accessories,98.9,154.6958824,98.9,98.9,-55.7958824,0,0,4,17.1225,327.11,395.6,82.68705763
01-11-2017,computers_accessories,98.9,149.99,98.9,109.9,-51.09,0,-11,6,16.14,496.56,593.4,83.68048534
01-12-2017,computers_accessories,98.9,149.99,98.9,109.9,-51.09,0,-11,1,13.71,85.19,98.9,86.13751264
01-01-2018,computers_accessories,90.534,156.5113514,150.3545455,97.6425,-65.9773514,-59.8205455,-7.1085,31,14.08322581,2369.974,2806.554,84.44426866
01-02-2018,computers_accessories,84.75608696,149,149.9,78.7122807,-64.24391304,-65.14391304,6.04380626,30,14.096,2119.802609,2542.682609,83.36874612
01-03-2018,computers_accessories,87.5,136.1428571,149.9,81.02391304,-48.6428571,-62.4,6.47608696,13,11.67230769,985.76,1137.5,86.66021978
01-04-2018,computers_accessories,94,120.9230769,149.9,80.66666667,-26.9230769,-55.9,13.33333333,5,15.48,392.6,470,83.53191489
01-06-2018,computers_accessories,73,114.4911538,149.9,78.9,-41.4911538,-76.9,-5.9,4,17.1875,223.25,292,76.45547945
01-07-2018,computers_accessories,66.34214286,119.99,149.9,77.9,-53.64785714,-83.55785714,-11.55785714,18,21.16444444,813.1985716,1194.158571,68.09803915
01-08-2018,computers_accessories,79.9,119.99,149.9,77.9,-40.09,-70,2,1,13.9,66,79.9,82.60325407
01-07-2017,consoles_games,19.9,19.9,19.9,19.9,0,0,0,1,11.85,8.05,19.9,40.45226131
01-08-2017,consoles_games,19.9,19.9,19.9,19.9,0,0,0,11,15.83272727,44.74000003,218.9,20.43855643
01-09-2017,consoles_games,19.9,19.9,19.9,19.9,0,0,0,9,15.41111111,40.40000001,179.1,22.5572306
01-10-2017,consoles_games,20.66666667,21.54285714,20.66666667,20.66666667,-0.87619047,0,0,12,12.80333333,94.36000008,248,38.04838712
01-11-2017,consoles_games,24.5,24.5,24.5,24.5,0,0,0,23,13.65217391,249.5000001,563.5,44.27684118
01-12-2017,consoles_games,24.5,24.5,24.5,24.5,0,0,0,17,13.52470588,186.58,416.5,44.79711886
01-01-2018,consoles_games,27.03333333,27.03333333,27.03333333,27.03333333,0,0,0,10,13.319,137.1433333,270.3333333,50.73119605
01-02-2018,consoles_games,32.5,32.5,32.5,32.5,0,0,0,1,11.85,20.65,32.5,63.53846154
01-03-2018,consoles_games,32.74285714,32.5,32.74285714,32.74285714,0.24285714,0,0,7,14.02714286,131.01,229.2,57.15968585
01-04-2018,consoles_games,34.2,35.05714286,34.2,34.2,-0.85714286,0,0,6,15.015,115.11,205.2,56.09649123
01-01-2017,health_beauty,349.9,349.9,349.9,64.99,0,0,284.91,8,22.90125,2615.99,2799.2,93.45491569
01-02-2017,health_beauty,349.9,19.99,349.9,64.99,329.91,0,284.91,4,26.9275,1291.89,1399.6,92.30422978
01-03-2017,health_beauty,349.9,19.99,89.99,64.99,329.91,259.91,284.91,2,21.275,657.25,699.8,93.91969134
01-04-2017,health_beauty,349.9,19.99,349.9,64.99,329.91,0,284.91,1,19.29,330.61,349.9,94.48699628
01-05-2017,health_beauty,349.9,19.99,89.99,64.99,329.91,259.91,284.91,4,26.73,1292.68,1399.6,92.36067448
01-06-2017,health_beauty,349.9,19.99,89.99,58.79952381,329.91,259.91,291.1004762,2,24.505,650.79,699.8,92.99657045
01-07-2017,health_beauty,349.9,19.99,89.99,59.25666667,329.91,259.91,290.6433333,1,29.3,320.6,349.9,91.62617891
01-08-2017,health_beauty,349.9,23.39740741,89.99,58.99,326.5025926,259.91,290.91,7,29.94714286,2239.67,2449.3,91.44122811
01-09-2017,health_beauty,349.9,23.99,89.99,58.99,325.91,259.91,290.91,7,26.58285714,2263.22,2449.3,92.40272731
01-10-2017,health_beauty,349.9,23.99,89.99,58.99,325.91,259.91,290.91,10,22.84,3270.6,3499,93.47242069
01-11-2017,health_beauty,322.1363636,23.99,89.99,58.99,298.1463636,232.1463636,263.1463636,11,20.47818182,3318.24,3543.5,93.64300832
01-12-2017,health_beauty,349.9,23.99,89.99,58.99,325.91,259.91,290.91,7,29.09285714,2245.65,2449.3,91.6853795
01-01-2018,health_beauty,349.9,23.99,89.99,58.99,325.91,259.91,290.91,12,28.41416667,3857.83,4198.8,91.87934648
01-02-2018,health_beauty,349.9,23.99,89.99,58.99,325.91,259.91,290.91,15,23.20533333,4900.42,5248.5,93.36800991
01-03-2018,health_beauty,349.9,23.99,83.74,58.99,325.91,266.16,290.91,17,29.6,5445.1,5948.3,91.54044013
01-04-2018,health_beauty,349.9,349.9,79.99,58.99,0,269.91,290.91,7,25.64142857,2269.81,2449.3,92.67178378
01-05-2018,health_beauty,352.25,23.99,79.99,58.99,328.26,272.26,293.26,10,38.57,3136.8,3522.5,89.05039035
01-06-2018,health_beauty,364,23.99,79.99,58.99,340.01,284.01,305.01,11,32.69727273,3644.33,4004,91.01723277
01-07-2018,health_beauty,364,23.99,79.99,58.99,340.01,284.01,305.01,11,36.24636364,3605.29,4004,90.04220779
01-08-2018,health_beauty,364,23.99,82.82142857,58.99,340.01,281.1785714,305.01,9,28.55111111,3019.04,3276,92.15628816
01-07-2017,watches_gifts,239.9,161.5909091,239.9,197.383,78.3090909,0,42.517,2,14.805,450.19,479.8,93.82867862
01-10-2017,watches_gifts,239.9,134.9,239.9,232.49,105,0,7.41,2,11.22,457.36,479.8,95.32305127
01-01-2018,watches_gifts,229.9,229.9,108,199,0,121.9,30.9,2,16.36,427.08,459.8,92.88386255
01-02-2018,watches_gifts,204.6181818,128.2416667,108,182,76.3765151,96.6181818,22.6181818,11,17.02545455,2063.52,2250.8,91.67940288
01-03-2018,watches_gifts,167.5,117.4412903,105.6428571,151.8784375,50.0587097,61.8571429,15.6215625,16,17.154375,2405.53,2680,89.75858209
01-04-2018,watches_gifts,150.3423077,105.648625,105,150.1333333,44.6936827,45.3423077,0.2089744,26,17.50192308,3453.85,3908.9,88.35861751
01-05-2018,watches_gifts,145.1666667,103.7925234,105,132.53125,41.3741433,40.1666667,12.6354167,30,16.259,3867.230001,4355.000001,88.79977038
01-06-2018,watches_gifts,152.6333333,119,105,138.22,33.6333333,47.6333333,14.4133333,3,19.17,400.3899999,457.8999999,87.44048919
01-07-2018,watches_gifts,157.1428571,118.3636364,105,155,38.7792207,52.1428571,2.1428571,14,16.65714286,1966.799999,2199.999999,89.4
01-08-2018,watches_gifts,157.9454545,112,105,145.5509091,45.9454545,52.9454545,12.3945454,11,14.59272727,1576.88,1737.4,90.7609071
01-11-2017,furniture_decor,99.9,75,36.85428571,99.9,24.9,63.04571429,0,1,21.19,78.71,99.9,78.78878879
01-12-2017,furniture_decor,99.9,75,99.9,99.9,24.9,0,0,3,20.64666667,237.76,299.7,79.332666
01-01-2018,furniture_decor,99.9,69.9953271,38.4,99.9,29.9046729,61.5,0,13,22.81923077,1002.05,1298.7,77.15792716
01-02-2018,furniture_decor,99.9,69.9,38.4,99.9,30,61.5,0,13,28.89076923,923.12,1298.7,71.08031108
01-03-2018,furniture_decor,99.9,69.9,35.48571429,99.9,30,64.41428571,0,12,22.14583333,933.05,1198.8,77.83199867
01-04-2018,furniture_decor,99.9,69.9,35,99.9,30,64.9,0,13,23.32769231,995.44,1298.7,76.64895665
01-05-2018,furniture_decor,99.9,69.9,35,99.9,30,64.9,0,13,19.41076923,1046.36,1298.7,80.56980057
01-06-2018,furniture_decor,99.9,89.9,35,99.9,10,64.9,0,10,25.636,742.64,999,74.33833834
01-07-2018,furniture_decor,78.53571429,89.9,35,78.53571429,-11.36428571,43.53571429,0,14,23.84714286,765.64,1099.5,69.63528877
01-08-2018,furniture_decor,83.83333333,103.2333333,35,83.83333333,-19.39999997,48.83333333,0,9,23.77666667,540.5099999,754.5,71.63817097
01-08-2017,watches_gifts,229.9,160.6692308,229.9,179.9,69.2307692,0,50,8,15.14125,1718.07,1839.2,93.41398434
01-09-2017,watches_gifts,219.06,148.7785714,219.06,164.57,70.2814286,0,54.49,10,15.345,2037.15,2190.6,92.99506984
01-10-2017,watches_gifts,216.15,134.9,216.15,232.49,81.25,0,-16.34,8,19.1,1576.4,1729.2,91.16354384
01-11-2017,watches_gifts,203.2909091,133,108,174.4333333,70.2909091,95.2909091,28.8575758,12,19.795,2201.950909,2439.490909,90.26272248
01-12-2017,watches_gifts,224.5428571,149,108,185.96,75.5428571,116.5428571,38.5828571,28,17.48678571,5797.569999,6287.199999,92.21227255
01-01-2018,watches_gifts,220.77,220.77,108,199,0,112.77,21.77,10,20.496,2002.74,2207.7,90.71612991
01-02-2018,watches_gifts,205.6857143,128.2416667,108,182,77.4440476,97.6857143,23.6857143,21,20.90238095,3880.45,4319.4,89.83770894
01-03-2018,watches_gifts,216.1875,117.4412903,105.6428571,151.8784375,98.7462097,110.5446429,64.3090625,16,29.476875,2987.37,3459,86.36513443
01-04-2018,watches_gifts,204.3846154,105.648625,105,150.1333333,98.7359904,99.3846154,54.2512821,13,4.088461538,2603.85,2657,97.99962364
01-05-2018,watches_gifts,199,103.7925234,105,132.53125,95.2074766,94,66.46875,17,0,3383,3383,100
01-01-2017,health_beauty,64.99,64.99,64.99,64.99,0,0,0,1,11.06,53.93,64.99,82.98199723
01-02-2017,health_beauty,64.99,19.99,64.99,64.99,45,0,0,5,15.348,248.21,324.95,76.38405909
01-03-2017,health_beauty,64.99,19.99,89.99,64.99,45,-25,0,9,17.26222222,429.55,584.91,73.43864868
01-04-2017,health_beauty,64.99,19.99,64.99,64.99,45,0,0,9,15.16888889,448.39,584.91,76.65965704
01-05-2017,health_beauty,64.99,19.99,89.99,64.99,45,-25,0,16,14.811875,802.85,1039.84,77.20899369
01-06-2017,health_beauty,58.79952381,19.99,89.99,58.79952381,38.80952381,-31.19047619,0,21,13.90333333,942.8200001,1234.79,76.3546838
01-07-2017,health_beauty,59.25666667,19.99,89.99,59.25666667,39.26666667,-30.73333333,0,15,17.998,618.88,888.8500001,69.62704618
01-08-2017,health_beauty,58.99,23.39740741,89.99,58.99,35.59259259,-31,0,22,16.24090909,940.48,1297.78,72.46836906
01-09-2017,health_beauty,58.99,23.99,89.99,58.99,35,-31,0,25,15.6392,1083.77,1474.75,73.48838786
01-10-2017,health_beauty,58.99,23.99,89.99,58.99,35,-31,0,19,19.06526316,758.57,1120.81,67.68051677
01-11-2017,health_beauty,58.99,23.99,89.99,58.99,35,-31,0,24,15.71166667,1038.68,1415.76,73.36554218
01-12-2017,health_beauty,58.99,23.99,89.99,58.99,35,-31,0,9,16.33222222,383.92,530.91,72.31357481
01-01-2018,health_beauty,58.99,23.99,89.99,58.99,35,-31,0,6,22.67833333,217.87,353.94,61.5556309
01-02-2018,health_beauty,58.99,23.99,89.99,58.99,35,-31,0,14,19.575,551.81,825.86,66.81640956
01-03-2018,health_beauty,58.99,23.99,83.74,58.99,35,-24.75,0,10,15.228,437.62,589.9,74.18545516
01-04-2018,health_beauty,58.99,58.99,79.99,58.99,0,-21,0,11,16.30272727,469.56,648.89,72.36357472
01-05-2018,health_beauty,58.99,23.99,79.99,58.99,35,-21,0,4,9.4225,198.27,235.96,84.02695372
01-06-2018,health_beauty,58.99,23.99,79.99,58.99,35,-21,0,6,16.43,255.36,353.94,72.14782166
01-07-2018,health_beauty,58.99,23.99,79.99,58.99,35,-21,0,2,7.67,102.64,117.98,86.99779624
01-08-2018,health_beauty,58.99,23.99,82.82142857,58.99,35,-23.83142857,0,3,12.08333333,140.72,176.97,79.5163022
01-10-2017,bed_bath_table,99,89.9,99,45.95,9.1,0,53.05,8,16.35375,661.17,792,83.48106061
01-11-2017,bed_bath_table,99,89.9,99,40.53181818,9.1,0,58.46818182,22,18.79636364,1764.48,2178,81.0137741
01-12-2017,bed_bath_table,99,88.48823529,99,39.99,10.51176471,0,59.01,7,18.66285714,562.36,693,81.14862915
01-01-2018,bed_bath_table,98.3,86.9,98.3,39.99,11.4,0,58.31,11,16.39727273,900.93,1081.3,83.31915287
01-02-2018,bed_bath_table,92,86.9,92,39.99,5.1,0,52.01,13,16.19461538,985.4700001,1196,82.3971572
01-03-2018,bed_bath_table,92,86.9,92,39.99,5.1,0,52.01,3,14.04333333,233.87,276,84.73550725
01-04-2018,bed_bath_table,90.875,85.045,90.875,39.99,5.83,0,50.885,9,17.82222222,657.475,817.875,80.38820113
01-05-2018,bed_bath_table,88.24,83.64961538,88.24,39.99,4.59038462,0,48.25,14,9.212857143,1106.38,1235.36,89.55931874
01-06-2018,bed_bath_table,84.9,79.9,84.9,39.99,5,0,44.91,14,17.975,936.95,1188.6,78.82803298
01-07-2018,bed_bath_table,84.9,77.93333333,84.9,39.99,6.96666667,0,44.91,9,22.44777778,562.07,764.1,73.55974349
01-08-2018,bed_bath_table,84.9,74,84.9,39.24,10.9,0,45.66,1,4.41,80.49,84.9,94.80565371
01-02-2017,garden_tools,99.99,99.99,99.99,99.99,0,0,0,1,33,66.99,99.99,66.99669967
01-03-2017,garden_tools,99.99,99.99,99.99,99.99,0,0,0,11,30.53909091,763.96,1099.89,69.45785488
01-04-2017,garden_tools,96.65666667,96.65666667,96.65666667,96.65666667,0,0,0,8,33.71,503.5733334,773.2533334,65.12397834
01-05-2017,garden_tools,109.99,59.9,59.9,109.99,50.09,50.09,0,2,34.13,151.72,219.98,68.96990636
01-06-2017,garden_tools,119.99,59.9,59.9,119.99,60.09,60.09,0,2,34.2,171.58,239.98,71.4976248
01-07-2017,garden_tools,120,59.9,59.9,59.9,60.1,60.1,60.1,2,36.28,167.44,240,69.76666667
01-09-2017,garden_tools,104.25,59.9,59.9,59.9,44.35,44.35,44.35,4,33.09,284.64,417,68.25899281
01-10-2017,garden_tools,92.594,59.9,59.9,59.9,32.694,32.694,32.694,12,30.83416667,741.118,1111.128,66.69960616
01-11-2017,garden_tools,89.99,52.40694444,53.64828125,53.78571429,37.58305556,36.34171875,36.20428571,21,47.52571429,891.7499999,1889.79,47.18778276
01-12-2017,garden_tools,89.99,55.1,55.425,55.75,34.89,34.565,34.24,14,42.60714286,663.36,1259.86,52.65346943
01-01-2018,garden_tools,123.3316667,49.9,49.9,49.9,73.4316667,73.4316667,73.4316667,12,39.19416667,1009.65,1479.98,68.2205165
01-02-2018,garden_tools,120,50.54516129,50.9,50.35714286,69.45483871,69.1,69.64285714,14,33.00214286,1217.97,1680,72.49821428
01-03-2018,garden_tools,113.3333333,53.9,53.9,53.9,59.4333333,59.4333333,59.4333333,6,50.19333333,378.8399998,679.9999998,55.7117647
01-04-2018,garden_tools,110,53.9,53.9,53.9,56.1,56.1,56.1,7,42.21142857,474.52,770,61.62597403
01-05-2018,garden_tools,110,53.41515152,53.70952381,53.05789474,56.58484848,56.29047619,56.94210526,8,39.37125,565.03,880,64.20795455
01-06-2018,garden_tools,96.65666667,49.9,49.9,49.9,46.75666667,46.75666667,46.75666667,10,41.186,554.7066667,966.5666667,57.38938511
01-07-2018,garden_tools,99.99,49.91,49.9,49.9,50.08,50.09,50.09,5,44.232,278.79,499.95,55.76357636
01-08-2018,garden_tools,99.99,49.91,49.9,49.9,50.08,50.09,50.09,2,47.745,104.49,199.98,52.25022502
01-02-2017,bed_bath_table,89.9,89.9,89.9,89.9,0,0,0,2,13.02,153.76,179.8,85.51724138
01-03-2017,bed_bath_table,89.9,89.9,89.9,89.9,0,0,0,22,13.65272727,1677.44,1977.8,84.81342907
01-04-2017,bed_bath_table,89.9,89.9,89.9,89.9,0,0,0,34,15.05,2544.9,3056.6,83.25917686
01-05-2017,bed_bath_table,89.9,89.9,215,45.95,0,-125.1,43.95,58,15.01189655,4343.51,5214.2,83.30156112
01-06-2017,bed_bath_table,89.9,89.9,209,45.95,0,-119.1,43.95,51,14.76921569,3831.67,4584.9,83.57150646
01-07-2017,bed_bath_table,89.9,89.9,205,45.95,0,-115.1,43.95,60,13.99383333,4554.37,5394,84.43400075
01-08-2017,bed_bath_table,89.9,89.9,199.5098039,45.95,0,-109.6098039,43.95,37,14.65675676,2784,3326.3,83.69659982
01-09-2017,bed_bath_table,89.9,89.9,163.3987097,45.95,0,-73.4987097,43.95,23,18.77652174,1635.84,2067.7,79.11399139
01-10-2017,bed_bath_table,89.9,89.9,89.9,45.95,0,0,43.95,14,21.57214286,956.59,1258.6,76.00429048
01-11-2017,bed_bath_table,89.9,89.9,89.9,40.53181818,0,0,49.36818182,40,16.294,2944.24,3596,81.87541713
01-12-2017,bed_bath_table,88.48823529,88.48823529,88.48823529,39.99,0,0,48.49823529,18,18.89833333,1252.618235,1592.788235,78.64311197
01-01-2018,bed_bath_table,86.9,86.9,86.9,39.99,0,0,46.91,17,19.38352941,1147.78,1477.3,77.69444257
01-02-2018,bed_bath_table,86.9,86.9,86.9,39.99,0,0,46.91,22,19.20909091,1489.2,1911.8,77.89517732
01-03-2018,bed_bath_table,86.9,86.9,86.9,39.99,0,0,46.91,17,19.98235294,1137.6,1477.3,77.00534759
01-04-2018,bed_bath_table,85.045,85.045,85.045,39.99,0,0,45.055,6,12.94,432.63,510.27,84.78452584
01-05-2018,bed_bath_table,83.64961538,83.64961538,83.64961538,39.99,0,0,43.65961538,26,16.78038462,1738.6,2174.89,79.9396751
01-06-2018,bed_bath_table,79.9,79.9,79.9,39.99,0,0,39.91,23,23.00565217,1308.57,1837.7,71.20694347
01-07-2018,bed_bath_table,77.93333333,77.93333333,77.93333333,39.99,0,0,37.94333333,10,19.952,579.8133333,779.3333333,74.39863131
01-08-2018,bed_bath_table,74,74,74,39.24,0,0,34.76,7,17.25571429,397.21,518,76.68146718
01-08-2017,furniture_decor,38.4,75,38.4,38.4,-36.6,0,0,1,11.85,26.55,38.4,69.140625
01-09-2017,furniture_decor,38.4,38.4,38.4,38.4,0,0,0,6,13.5,149.4,230.4,64.84375
01-10-2017,furniture_decor,38.4,75,38.4,38.4,-36.6,0,0,8,15.55875,182.73,307.2,59.48242188
01-11-2017,furniture_decor,34.58117647,75,36.85428571,99.9,-40.41882353,-2.27310924,-65.31882353,34,13.75058824,708.2399998,1175.76,60.236783
01-12-2017,furniture_decor,38.4,75,38.4,99.9,-36.6,0,-61.5,4,11.015,109.54,153.6,71.31510417
01-01-2018,furniture_decor,38.4,69.9953271,38.4,99.9,-31.5953271,0,-61.5,15,14.27533333,361.87,576,62.82465279
01-02-2018,furniture_decor,38.4,69.9,38.4,99.9,-31.5,0,-61.5,4,15.61,91.16,153.6,59.34895833
01-03-2018,furniture_decor,35.48571429,69.9,35.48571429,99.9,-34.41428571,0,-64.41428571,14,15.18928571,284.1500001,496.8000001,57.19605477
01-04-2018,furniture_decor,35,69.9,35,99.9,-34.9,0,-64.9,4,15,80,140,57.14285714
01-05-2018,furniture_decor,35,69.9,35,99.9,-34.9,0,-64.9,4,11.58,93.68,140,66.91428571
01-06-2018,furniture_decor,35,89.9,35,99.9,-54.9,0,-64.9,2,19.32,31.36,70,44.8
01-08-2018,furniture_decor,35,103.2333333,35,83.83333333,-68.2333333,0,-48.83333333,1,19.44,15.56,35,44.45714286
01-11-2017,watches_gifts,108,133,108,174.4333333,-25,0,-66.4333333,13,15.90846154,1197.19,1404,85.26994302
01-12-2017,watches_gifts,108,149,108,185.96,-41,0,-77.96,13,16.65384615,1187.5,1404,84.57977208
01-01-2018,watches_gifts,108,108,108,199,0,0,-91,44,16.19636364,4039.36,4752,85.003367
01-02-2018,watches_gifts,108,128.2416667,108,182,-20.2416667,0,-74,33,18.25363636,2961.63,3564,83.09848485
01-03-2018,watches_gifts,105.6428571,117.4412903,105.6428571,151.8784375,-11.7984332,0,-46.2355804,21,21.6652381,1763.529999,2218.499999,79.49199909
01-04-2018,watches_gifts,105,105.648625,105,150.1333333,-0.648625,0,-45.1333333,21,13.63142857,1918.74,2205,87.01768708
01-05-2018,watches_gifts,105,103.7925234,105,132.53125,1.2074766,0,-27.53125,37,11.3772973,3464.04,3885,89.16447876
01-06-2018,watches_gifts,105,119,105,138.22,-14,0,-33.22,28,23.82357143,2272.94,2940,77.31088435
01-07-2018,watches_gifts,105,118.3636364,105,155,-13.3636364,0,-50,8,24.93875,640.49,840,76.24880952
01-08-2018,watches_gifts,105,112,105,145.5509091,-7,0,-40.5509091,7,23.38571429,571.3,735,77.72789115
01-03-2017,watches_gifts,78,78,78,241.006,0,0,-163.006,1,17.98,60.02,78,76.94871795
01-06-2017,watches_gifts,78,163,78,185,-85,0,-107,3,10.3,203.1,234,86.79487179
01-07-2017,watches_gifts,78,161.5909091,78,197.383,-83.5909091,0,-119.383,1,14.3,63.7,78,81.66666667
01-08-2017,watches_gifts,78,160.6692308,78,179.9,-82.6692308,0,-101.9,5,18.22,298.9,390,76.64102564
01-10-2017,watches_gifts,78,134.9,78,232.49,-56.9,0,-154.49,3,12.13333333,197.6,234,84.44444445
01-11-2017,watches_gifts,78,133,108,174.4333333,-55,-30,-96.4333333,2,7.8,140.4,156,90
01-12-2017,watches_gifts,78,149,108,185.96,-71,-30,-107.96,6,19.69166667,349.85,468,74.7542735
01-01-2018,watches_gifts,78,78,108,199,0,-30,-121,9,14.63333333,570.3,702,81.23931624
01-02-2018,watches_gifts,78,128.2416667,108,182,-50.2416667,-30,-104,1,15.3,62.7,78,80.38461538
01-03-2018,watches_gifts,78,117.4412903,105.6428571,151.8784375,-39.4412903,-27.6428571,-73.8784375,1,19.24,58.76,78,75.33333333
01-04-2018,watches_gifts,78,105.648625,105,150.1333333,-27.648625,-27,-72.1333333,16,16.645625,981.67,1248,78.65945513
01-05-2018,watches_gifts,78,103.7925234,105,132.53125,-25.7925234,-27,-54.53125,5,10.24,338.8,390,86.87179487
01-06-2018,watches_gifts,78,119,105,138.22,-41,-27,-60.22,39,15.6825641,2430.38,3042,79.89414859
01-07-2018,watches_gifts,78,118.3636364,105,155,-40.3636364,-27,-77,40,17.9795,2400.82,3120,76.94935897
01-08-2018,watches_gifts,77.82142857,112,105,145.5509091,-34.17857143,-27.17857143,-67.72948053,28,13.09035714,1812.47,2179,83.17898119
01-07-2017,furniture_decor,75,75,38.4,75,0,36.6,0,5,15.856,295.72,375,78.85866667
01-08-2017,furniture_decor,75,75,38.4,75,0,36.6,0,13,15.37692308,775.1,975,79.49743589
01-10-2017,furniture_decor,75,75,38.4,75,0,36.6,0,5,13.64,306.8,375,81.81333333
01-11-2017,furniture_decor,75,75,36.85428571,99.9,0,38.14571429,-24.9,44,16.13272727,2590.16,3300,78.48969697
01-12-2017,furniture_decor,75,75,75,99.9,0,0,-24.9,47,17.44638298,2705.02,3525,76.73815603
01-01-2018,furniture_decor,69.9953271,69.9953271,38.4,99.9,0,31.5953271,-29.9046729,122,17.66311475,6384.529907,8539.429906,74.76529437
01-02-2018,furniture_decor,69.9,69.9,38.4,99.9,0,31.5,-30,44,16.11590909,2366.5,3075.6,76.94433607
01-03-2018,furniture_decor,69.9,69.9,35.48571429,99.9,0,34.41428571,-30,65,18.42507692,3345.87,4543.5,73.64080555
01-04-2018,furniture_decor,69.9,69.9,35,99.9,0,34.9,-30,83,9.071566265,5048.76,5801.7,87.02207974
01-05-2018,furniture_decor,69.9,69.9,35,99.9,0,34.9,-30,92,3.801630435,6081.05,6430.8,94.56132985
01-06-2018,furniture_decor,89.9,89.9,35,99.9,0,54.9,-10,2,21.93,135.94,179.8,75.60622914
01-07-2018,furniture_decor,89.9,89.9,35,78.53571429,0,54.9,11.36428571,2,29.79,120.22,179.8,66.86318131
01-08-2018,furniture_decor,103.2333333,103.2333333,35,83.83333333,0,68.2333333,19.39999997,3,22.3,242.7999999,309.6999999,78.39845011
01-04-2017,garden_tools,59.9,59.9,59.9,59.9,0,0,0,5,18.652,206.24,299.5,68.86143573
01-05-2017,garden_tools,59.9,59.9,59.9,59.9,0,0,0,2,17.67,84.46,119.8,70.50083472
01-06-2017,garden_tools,59.9,59.9,59.9,59.9,0,0,0,5,15.978,219.61,299.5,73.32554257
01-07-2017,garden_tools,59.9,59.9,59.9,59.9,0,0,0,15,17.87866667,630.32,898.5,70.15247634
01-08-2017,garden_tools,59.9,59.9,59.9,59.9,0,0,0,19,16.11157895,831.98,1138.1,73.10253932
01-09-2017,garden_tools,59.9,59.9,59.9,59.9,0,0,0,34,19.71176471,1366.4,2036.6,67.0922125
01-10-2017,garden_tools,59.9,59.9,59.9,59.9,0,0,0,13,18.98153846,531.94,778.7,68.31128805
01-11-2017,garden_tools,54.45,52.40694444,53.64828125,53.78571429,2.04305556,0.80171875,0.66428571,9,45.69666667,78.77999997,490.05,16.07591062
01-12-2017,garden_tools,49.9,55.1,55.425,55.75,-5.2,-5.525,-5.85,1,18,31.9,49.9,63.92785571
01-01-2018,garden_tools,49.9,49.9,49.9,49.9,0,0,0,1,35.86,14.04,49.9,28.13627255
01-02-2018,garden_tools,51.23333333,50.54516129,50.9,50.35714286,0.68817204,0.33333333,0.87619047,4,33.525,70.83333332,204.9333333,34.56408588
01-03-2018,garden_tools,53.9,53.9,53.9,53.9,0,0,0,2,62.27,-16.74,107.8,-15.52875696
01-04-2018,garden_tools,53.9,53.9,53.9,53.9,0,0,0,2,33.93,39.94,107.8,37.05009276
01-05-2018,garden_tools,49.9,53.41515152,53.70952381,53.05789474,-3.51515152,-3.80952381,-3.15789474,4,21.21,114.76,199.6,57.49498998
01-06-2018,garden_tools,49.9,49.9,49.9,49.9,0,0,0,5,22.42,137.4,249.5,55.07014028
01-07-2018,garden_tools,49.9,49.91,49.9,49.9,-0.01,0,0,3,34.55,46.05,149.7,30.76152305
01-08-2018,garden_tools,49.9,49.91,49.9,49.9,-0.01,0,0,3,20.99,86.73,149.7,57.93587174
01-07-2017,furniture_decor,38.4,75,38.4,38.4,-36.6,0,0,1,7.78,30.62,38.4,79.73958333
01-08-2017,furniture_decor,38.4,75,38.4,38.4,-36.6,0,0,8,12.105,210.36,307.2,68.4765625
01-09-2017,furniture_decor,38.4,38.4,38.4,38.4,0,0,0,12,17.95,245.4,460.8,53.25520833
01-10-2017,furniture_decor,38.4,75,38.4,38.4,-36.6,0,0,25,13.98,610.5,960,63.59375
01-11-2017,furniture_decor,36.85428571,75,36.85428571,99.9,-38.14571429,0,-63.04571429,28,13.65214286,649.6599998,1031.92,62.95643072
01-01-2018,furniture_decor,38.4,69.9953271,38.4,99.9,-31.5953271,0,-61.5,2,9.34,58.12,76.8,75.67708333
01-02-2018,furniture_decor,38.4,69.9,38.4,99.9,-31.5,0,-61.5,9,18.68555556,177.43,345.6,51.33969906
01-03-2018,furniture_decor,35.48571429,69.9,35.48571429,99.9,-34.41428571,0,-64.41428571,17,15.44823529,340.637143,603.2571429,56.46632568
01-04-2018,furniture_decor,35,69.9,35,99.9,-34.9,0,-64.9,17,13.46941176,366.0200001,595,61.5159664
01-05-2018,furniture_decor,35,69.9,35,99.9,-34.9,0,-64.9,11,14.63454545,224.0200001,385,58.187013
01-06-2018,furniture_decor,35,89.9,35,99.9,-54.9,0,-64.9,13,18.10153846,219.68,455,48.28131869
01-07-2018,furniture_decor,35,89.9,35,78.53571429,-54.9,0,-43.53571429,10,17.238,177.62,350,50.74857143
01-08-2018,furniture_decor,35,103.2333333,35,83.83333333,-68.2333333,0,-48.83333333,16,15.628125,309.95,560,55.34821429
01-08-2017,health_beauty,325,23.39740741,89.99,58.99,301.6025926,235.01,266.01,6,21.075,1823.55,1950,93.51538462
01-09-2017,health_beauty,325,23.99,89.99,58.99,301.01,235.01,266.01,11,19.52363636,3360.24,3575,93.99272727
01-10-2017,health_beauty,325,23.99,89.99,58.99,301.01,235.01,266.01,2,19.545,610.91,650,93.98615385
01-11-2017,health_beauty,325,23.99,89.99,58.99,301.01,235.01,266.01,12,16.99416667,3696.07,3900,94.77102564
01-12-2017,health_beauty,325,23.99,89.99,58.99,301.01,235.01,266.01,6,17.58333333,1844.5,1950,94.58974359
01-01-2018,health_beauty,325,23.99,89.99,58.99,301.01,235.01,266.01,10,19.824,3051.76,3250,93.90030769
01-02-2018,health_beauty,325,23.99,89.99,58.99,301.01,235.01,266.01,23,15.63782609,7115.33,7475,95.1883612
01-03-2018,health_beauty,325.8928571,23.99,83.74,58.99,301.9028571,242.1528571,266.9028571,28,19.37035714,8582.629999,9124.999999,94.05621918
01-04-2018,health_beauty,330,330,79.99,58.99,0,250.01,271.01,21,17.30904762,6566.51,6930,94.75483405
01-05-2018,health_beauty,330,23.99,79.99,58.99,306.01,250.01,271.01,19,15.74789474,5970.79,6270,95.22791068
01-06-2018,health_beauty,330,23.99,79.99,58.99,306.01,250.01,271.01,16,20.29875,4955.22,5280,93.84886364
01-07-2018,health_beauty,330,23.99,79.99,58.99,306.01,250.01,271.01,13,28.42,3920.54,4290,91.38787879
01-08-2018,health_beauty,330,23.99,82.82142857,58.99,306.01,247.1785714,271.01,28,20.50535714,8665.85,9240,93.78625541
01-02-2017,garden_tools,99.99,99.99,99.99,99.99,0,0,0,1,28.89,71.1,99.99,71.10711071
01-03-2017,garden_tools,99.99,99.99,99.99,99.99,0,0,0,5,31.946,340.22,499.95,68.05080508
01-05-2017,garden_tools,109.99,59.9,59.9,109.99,50.09,50.09,0,4,32.0925,311.59,439.96,70.82234749
01-06-2017,garden_tools,109.99,59.9,59.9,109.99,50.09,50.09,0,6,38.35166667,429.83,659.94,65.13167863
01-07-2017,garden_tools,120,59.9,59.9,59.9,60.1,60.1,60.1,1,34.2,85.8,120,71.5
01-08-2017,garden_tools,120,59.9,59.9,59.9,60.1,60.1,60.1,2,33.83,172.34,240,71.80833333
01-09-2017,garden_tools,102.5,59.9,59.9,59.9,42.6,42.6,42.6,7,30.04,507.22,717.5,70.69268293
01-10-2017,garden_tools,95.29,59.9,59.9,59.9,35.39,35.39,35.39,17,41.08941176,921.4100001,1619.93,56.87961826
01-11-2017,garden_tools,89.99,52.40694444,53.64828125,53.78571429,37.58305556,36.34171875,36.20428571,28,39.33678571,1418.29,2519.72,56.28760339
01-12-2017,garden_tools,89.99,55.1,55.425,55.75,34.89,34.565,34.24,27,38.4162963,1392.49,2429.73,57.31048305
01-01-2018,garden_tools,127.7272727,49.9,49.9,49.9,77.8272727,77.8272727,77.8272727,11,45.97,899.3299997,1405,64.00925266
01-02-2018,garden_tools,120,50.54516129,50.9,50.35714286,69.45483871,69.1,69.64285714,7,43.38142857,536.33,840,63.84880953
01-03-2018,garden_tools,110,53.9,53.9,53.9,56.1,56.1,56.1,6,54.53166667,332.81,660,50.42575757
01-04-2018,garden_tools,110,53.9,53.9,53.9,56.1,56.1,56.1,5,42.726,336.37,550,61.15818182
01-05-2018,garden_tools,110,53.41515152,53.70952381,53.05789474,56.58484848,56.29047619,56.94210526,2,32.23,155.54,220,70.7
01-06-2018,garden_tools,89.99,49.9,49.9,49.9,40.09,40.09,40.09,6,48.17833333,250.87,539.94,46.46256992
01-07-2018,garden_tools,99.99,49.91,49.9,49.9,50.08,50.09,50.09,7,43.68,394.17,699.93,56.31563156
01-08-2018,garden_tools,98.32333333,49.91,49.9,49.9,48.41333333,48.42333333,48.42333333,6,34.08333333,385.44,589.94,65.33545785
01-02-2017,cool_stuff,85.70428571,85.70428571,85.70428571,85.70428571,0,0,0,7,21.97142857,446.13,599.93,74.36367576
01-03-2017,cool_stuff,99.99,99.99,129.99,99.99,0,-30,0,14,16.64428571,1166.84,1399.86,83.35404969
01-04-2017,cool_stuff,99.99,99.99,129.99,99.99,0,-30,0,17,14.20235294,1458.39,1699.83,85.79622668
01-05-2017,cool_stuff,99.99,99.99,129.99,99.99,0,-30,0,22,15.02090909,1869.32,2199.78,84.97758867
01-06-2017,cool_stuff,99.99,99.99,129.99,99.99,0,-30,0,14,13.82642857,1206.29,1399.86,86.17218865
01-07-2017,cool_stuff,99.99,99.99,129.99,99.99,0,-30,0,11,16.52909091,918.07,1099.89,83.46925602
01-08-2017,cool_stuff,99.99,99.99,116.9275,99.99,0,-16.9375,0,14,18.975,1134.21,1399.86,81.02310231
01-09-2017,cool_stuff,99.99,99.99,99.99,29.5,0,0,70.49,3,15.93333333,252.17,299.97,84.06507318
01-10-2017,cool_stuff,99.99,99.99,119.99,99.99,0,-20,0,2,16.95,166.08,199.98,83.04830483
01-11-2017,cool_stuff,99.99,99.99,129.99,99.99,0,-30,0,4,16.1875,335.21,399.96,83.81088109
01-12-2017,cool_stuff,99.99,99.99,129.99,99.99,0,-30,0,3,15.26666667,254.17,299.97,84.73180651
01-01-2018,cool_stuff,99.99,99.99,129.99,29.5,0,-30,70.49,3,16.54,250.35,299.97,83.45834583
01-02-2018,cool_stuff,99.99,99.99,129.99,99.99,0,-30,0,1,13.72,86.27,99.99,86.27862786
01-03-2018,cool_stuff,99.99,99.99,129.99,35,0,-30,64.99,2,20.78,158.42,199.98,79.21792179
01-04-2018,cool_stuff,89.86333333,89.86333333,129.99,35,0,-40.12666667,54.86333333,3,19.87666667,209.96,269.59,77.88122704
01-02-2017,computers_accessories,159.99,159.99,159.99,159.99,0,0,0,3,33.4,379.77,479.97,79.12369523
01-03-2017,computers_accessories,159.99,159.99,159.99,159.99,0,0,0,3,33.4,379.77,479.97,79.12369523
01-04-2017,computers_accessories,139.99,139.99,139.99,139.99,0,0,0,5,35.122,524.34,699.95,74.91106508
01-06-2017,computers_accessories,159.99,159.99,159.99,159.99,0,0,0,3,42.03333333,353.87,479.97,73.72752464
01-07-2017,computers_accessories,139.99,139.99,139.99,139.99,0,0,0,6,48.10833333,551.29,839.94,65.63445008
01-08-2017,computers_accessories,145.7042857,145.7042857,145.7042857,145.7042857,0,0,0,7,36.46,764.7099999,1019.93,74.97671409
01-09-2017,computers_accessories,151.99,151.99,151.99,151.99,0,0,0,11,43.72272727,1190.94,1671.89,71.23315529
01-10-2017,computers_accessories,154.6958824,154.6958824,154.6958824,154.6958824,0,0,0,17,43.88117647,1883.850001,2629.830001,71.6339079
01-11-2017,computers_accessories,149.99,149.99,149.99,109.9,0,0,40.09,18,42.51722222,1934.51,2699.82,71.65329541
01-12-2017,computers_accessories,149.99,149.99,149.99,109.9,0,0,40.09,23,38.57,2562.66,3449.77,74.28495233
01-01-2018,computers_accessories,156.5113514,156.5113514,150.3545455,97.6425,0,6.1568059,58.8688514,43,36.8072093,5147.27811,6729.98811,76.4827222
01-02-2018,computers_accessories,149,149,149.9,78.7122807,0,-0.9,70.2877193,31,41.16322581,3342.94,4619,72.37367395
01-03-2018,computers_accessories,136.1428571,136.1428571,149.9,81.02391304,0,-13.7571429,55.11894406,44,48.0475,3876.195712,5990.285712,64.70802727
01-04-2018,computers_accessories,120.9230769,120.9230769,149.9,80.66666667,0,-28.9769231,40.25641023,56,27.25303571,5245.522307,6771.692306,77.46250227
01-05-2018,computers_accessories,119,119,149.9,79.8,0,-30.9,39.2,25,39.2172,1994.57,2975,67.04436975
01-06-2018,computers_accessories,114.4911538,114.4911538,149.9,78.9,0,-35.4088462,35.5911538,27,53.62555556,1643.371152,3091.261153,53.16183497
01-07-2018,computers_accessories,119.99,119.99,149.9,77.9,0,-29.91,42.09,9,48.62666667,642.27,1079.91,59.47440064
01-08-2018,computers_accessories,119.99,119.99,149.9,77.9,0,-29.91,42.09,10,39.046,809.44,1199.9,67.45895491
01-08-2017,watches_gifts,339,160.6692308,339,179.9,178.3307692,0,159.1,2,13.845,650.31,678,95.9159292
01-09-2017,watches_gifts,339,148.7785714,339,164.57,190.2214286,0,174.43,1,13.94,325.06,339,95.8879056
01-10-2017,watches_gifts,346.158,134.9,346.158,232.49,211.258,0,113.668,10,13.455,3327.03,3461.58,96.11304664
01-11-2017,watches_gifts,345.7066667,133,108,174.4333333,212.7066667,237.7066667,171.2733334,9,14.27555556,2982.88,3111.36,95.87061606
01-12-2017,watches_gifts,348.8,149,108,185.96,199.8,240.8,162.84,11,16.10272727,3659.67,3836.8,95.38339241
01-01-2018,watches_gifts,339.9,339.9,108,199,0,231.9,140.9,1,17.13,322.77,339.9,94.96028244
01-02-2018,watches_gifts,347,128.2416667,108,182,218.7583333,239,165,5,17.176,1649.12,1735,95.05014409
01-03-2018,watches_gifts,307.8333333,117.4412903,105.6428571,151.8784375,190.392043,202.1904762,155.9548958,6,18.22333333,1737.66,1847,94.08012994
01-04-2018,watches_gifts,280.6666667,105.648625,105,150.1333333,175.0180417,175.6666667,130.5333334,6,18.16833333,1574.99,1684,93.52672209
01-05-2018,watches_gifts,258.9695652,103.7925234,105,132.53125,155.1770418,153.9695652,126.4383152,23,13.63130435,5642.78,5956.3,94.7363296
01-06-2018,watches_gifts,245.9,119,105,138.22,126.9,140.9,107.68,4,14.795,924.42,983.6,93.98332656
01-07-2018,watches_gifts,169.3493182,118.3636364,105,155,50.9856818,64.3493182,14.3493182,45,17.95355556,6812.809319,7620.719319,89.39850733
01-05-2017,computers_accessories,178.0571429,178.0571429,178.0571429,178.0571429,0,0,0,15,18.75466667,2389.537143,2670.857144,89.46705178
01-06-2017,computers_accessories,149.8525,159.99,149.8525,149.8525,-10.1375,0,0,15,21.70066667,1922.2775,2247.7875,85.51864889
01-07-2017,computers_accessories,146.6,139.99,146.6,146.6,6.61,0,0,4,18.27,513.32,586.4,87.53751705
01-08-2017,computers_accessories,144.96,145.7042857,144.96,144.96,-0.7442857,0,0,13,19.28538462,1633.77,1884.48,86.69606469
01-09-2017,computers_accessories,138.59,151.99,138.59,138.59,-13.4,0,0,12,35.9225,1232.01,1663.08,74.0800202
01-10-2017,computers_accessories,137.9,154.6958824,137.9,137.9,-16.7958824,0,0,16,36.021875,1630.05,2206.4,73.87826323
01-11-2017,computers_accessories,137.9,149.99,137.9,109.9,-12.09,0,28,18,39.39888889,1773.02,2482.2,71.42937716
01-12-2017,computers_accessories,134.9,149.99,134.9,109.9,-15.09,0,25,2,38.78,192.24,269.8,71.25277984
01-01-2018,computers_accessories,133,156.5113514,150.3545455,97.6425,-23.5113514,-17.3545455,35.3575,5,38.044,474.78,665,71.39548872
01-02-2018,computers_accessories,132.97,149,149.9,78.7122807,-16.03,-16.93,54.2577193,3,14.59666667,355.12,398.91,89.02258655
01-10-2017,health_beauty,29.9,23.99,89.99,58.99,5.91,-60.09,-29.09,1,11.85,18.05,29.9,60.36789298
01-11-2017,health_beauty,29.9,23.99,89.99,58.99,5.91,-60.09,-29.09,6,12.51,104.34,179.4,58.16053512
01-12-2017,health_beauty,29.9,23.99,89.99,58.99,5.91,-60.09,-29.09,6,10.115,118.71,179.4,66.17056856
01-01-2018,health_beauty,29.9,23.99,89.99,58.99,5.91,-60.09,-29.09,15,9.551333333,305.23,448.5,68.05574136
01-02-2018,health_beauty,29.9,23.99,89.99,58.99,5.91,-60.09,-29.09,16,10.09125,316.94,478.4,66.25
01-03-2018,health_beauty,29.9,23.99,83.74,58.99,5.91,-53.84,-29.09,11,11.43454545,203.12,328.9,61.75737308
01-04-2018,health_beauty,29.9,29.9,79.99,58.99,0,-50.09,-29.09,22,10.10318182,435.53,657.8,66.21009425
01-05-2018,health_beauty,29.9,23.99,79.99,58.99,5.91,-50.09,-29.09,22,9.772727273,442.8,657.8,67.3152934
01-06-2018,health_beauty,29.9,23.99,79.99,58.99,5.91,-50.09,-29.09,7,11.50285714,128.78,209.3,61.52890589
01-07-2018,health_beauty,29.9,23.99,79.99,58.99,5.91,-50.09,-29.09,18,9.365555556,369.62,538.2,68.67707172
01-08-2018,health_beauty,29.9,23.99,82.82142857,58.99,5.91,-52.92142857,-29.09,13,9.553076923,264.51,388.7,68.04990996
01-03-2017,watches_gifts,241.006,241.006,241.006,241.006,0,0,0,5,21.318,1098.44,1205.03,91.15457706
01-04-2017,watches_gifts,255.61,255.61,255.61,255.61,0,0,0,3,21.22666667,703.15,766.83,91.69568222
01-06-2017,watches_gifts,185,163,185,185,22,0,0,5,14.74,851.3,925,92.03243243
01-07-2017,watches_gifts,197.383,161.5909091,197.383,197.383,35.7920909,0,0,10,16.606,1807.77,1973.83,91.58691478
01-08-2017,watches_gifts,179.9,160.6692308,179.9,179.9,19.2307692,0,0,15,14.92666667,2474.6,2698.5,91.70279785
01-09-2017,watches_gifts,164.57,148.7785714,164.57,164.57,15.7914286,0,0,20,19.528,2900.84,3291.4,88.13392477
01-10-2017,watches_gifts,232.49,134.9,232.49,232.49,97.59,0,0,4,14.2125,873.11,929.96,93.88683384
01-11-2017,watches_gifts,174.4333333,133,108,174.4333333,41.4333333,66.4333333,0,18,20.99277778,2761.929999,3139.799999,87.96515701
01-12-2017,watches_gifts,185.96,149,108,185.96,36.96,77.96,0,5,18.686,836.37,929.8,89.9516025
01-01-2018,watches_gifts,199,199,108,199,0,91,0,2,21.88,354.24,398,89.00502513
01-02-2018,watches_gifts,182,128.2416667,108,182,53.7583333,74,0,6,19.33,976.02,1092,89.37912088
01-03-2018,watches_gifts,151.8784375,117.4412903,105.6428571,151.8784375,34.4371472,46.2355804,0,32,20.31375,4210.07,4860.11,86.62499408
01-04-2018,watches_gifts,150.1333333,105.648625,105,150.1333333,44.4847083,45.1333333,0,9,19.44777778,1176.17,1351.2,87.04632918
01-05-2018,watches_gifts,132.53125,103.7925234,105,132.53125,28.7387266,27.53125,0,32,15.7621875,3736.61,4241,88.10681443
01-06-2018,watches_gifts,138.22,119,105,138.22,19.22,33.22,0,15,16.108,1831.68,2073.3,88.34611489
01-07-2018,watches_gifts,155,118.3636364,105,155,36.6363636,50,0,2,16.47,277.06,310,89.37419355
01-08-2018,watches_gifts,145.5509091,112,105,145.5509091,33.5509091,40.5509091,0,11,21.89727273,1360.19,1601.06,84.95559192
01-11-2017,computers_accessories,109.9,149.99,109.9,109.9,-40.09,0,0,1,15.52,94.38,109.9,85.87807097
01-12-2017,computers_accessories,109.9,149.99,109.9,109.9,-40.09,0,0,12,25.24916667,1015.81,1318.8,77.02532605
01-01-2018,computers_accessories,97.6425,156.5113514,150.3545455,97.6425,-58.8688514,-52.7120455,0,29,14.84655172,2401.0825,2831.6325,84.79499017
01-02-2018,computers_accessories,78.7122807,149,149.9,78.7122807,-70.2877193,-71.1877193,0,71,14.53591549,4556.52193,5588.57193,81.53284931
01-03-2018,computers_accessories,81.02391304,136.1428571,149.9,81.02391304,-55.11894406,-68.87608696,0,27,18.22148148,1695.665652,2187.645652,77.51098312
01-04-2018,computers_accessories,80.66666667,120.9230769,149.9,80.66666667,-40.25641023,-69.23333333,0,13,18.17230769,812.4266667,1048.666667,77.47234584
01-05-2018,computers_accessories,79.8,119,149.9,79.8,-39.2,-70.1,0,11,14.41454545,719.24,877.8,81.93665984
01-06-2018,computers_accessories,78.9,114.4911538,149.9,78.9,-35.5911538,-71,0,10,17.328,615.72,789,78.03802281
01-07-2018,computers_accessories,77.9,119.99,149.9,77.9,-42.09,-72,0,7,14.63857143,442.83,545.3,81.20850908
01-08-2018,computers_accessories,77.9,119.99,149.9,77.9,-42.09,-72,0,2,13.415,128.97,155.8,82.77920411
01-10-2017,bed_bath_table,45.9,89.9,45.9,45.95,-44,0,-0.05,29,13.88241379,928.5100001,1331.1,69.75508978
01-11-2017,bed_bath_table,44.15444444,89.9,44.15444444,40.53181818,-45.74555556,0,3.62262626,32,13.95875,966.2622221,1412.942222,68.38653464
01-12-2017,bed_bath_table,45.9,88.48823529,45.9,39.99,-42.58823529,0,5.91,12,13.6875,386.55,550.8,70.17973856
01-01-2018,bed_bath_table,45.9,86.9,45.9,39.99,-41,0,5.91,19,14.18210526,602.6400001,872.1,69.10216719
01-02-2018,bed_bath_table,45.9,86.9,45.9,39.99,-41,0,5.91,16,12.1725,539.64,734.4,73.48039216
01-03-2018,bed_bath_table,47.9,86.9,47.9,39.99,-39,0,7.91,8,15.22625,261.39,383.2,68.21242171
01-04-2018,bed_bath_table,47.9,85.045,47.9,39.99,-37.145,0,7.91,7,19.08428571,201.71,335.3,60.15806741
01-05-2018,bed_bath_table,47.9,83.64961538,47.9,39.99,-35.74961538,0,7.91,2,12.055,71.69,95.8,74.83298539
01-06-2018,bed_bath_table,47.9,79.9,47.9,39.99,-32,0,7.91,4,12.6375,141.05,191.6,73.61691023
01-07-2018,bed_bath_table,47.9,77.93333333,47.9,39.99,-30.03333333,0,7.91,2,24.69,46.42,95.8,48.45511482
01-05-2017,bed_bath_table,215,89.9,215,45.95,125.1,0,169.05,1,8.76,206.24,215,95.9255814
01-06-2017,bed_bath_table,209,89.9,209,45.95,119.1,0,163.05,10,21.322,1876.78,2090,89.79808612
01-07-2017,bed_bath_table,205,89.9,205,45.95,115.1,0,159.05,59,22.1959322,10785.44,12095,89.172716
01-08-2017,bed_bath_table,199.5098039,89.9,199.5098039,45.95,109.6098039,0,153.5598039,52,19.41288462,9365.039803,10374.5098,90.26970894
01-09-2017,bed_bath_table,163.3987097,89.9,163.3987097,45.95,73.4987097,0,117.4487097,32,24.3246875,4450.36871,5228.75871,85.11329279
